Event, Details, Time(s)
Start, 05/05/2025 08:17:56, 0.3533333

Connected Devices Changed, , 15.68994
Connected Devices Changed, , 16.05697
Connected Devices Changed, , 16.07366
Connected Devices Changed, , 16.07366
Connected Devices Changed, , 16.07366
Connected Devices Changed, , 24.11488
Connected Devices Changed, , 25.74982
Connected Devices Changed, , 25.76651
Connected Devices Changed, , 25.76651
Connected Devices Changed, , 25.76651
Connected Devices Changed, , 26.90112
Connected Devices Changed, , 27.18456
Connected Devices Changed, , 27.20125
Connected Devices Changed, , 27.20125
Connected Devices Changed, , 27.20125
Connected Devices Changed, , 27.4684
Connected Devices Changed, , 28.0354
Connected Devices Changed, , 28.0521
Connected Devices Changed, , 28.0521
Connected Devices Changed, , 28.0521
Connected Devices Changed, , 28.11908
Connected Devices Changed, , 28.78649
Connected Devices Changed, , 28.80316
Connected Devices Changed, , 28.80316
Connected Devices Changed, , 28.80316

Connected Devices Changed, , 38.94592
Connected Devices Changed, , 39.24614
Connected Devices Changed, , 39.24614
Connected Devices Changed, , 39.24614
Connected Devices Changed, , 39.24614
Connected Devices Changed, , 43.9322
Connected Devices Changed, , 44.24887
Connected Devices Changed, , 44.24887
Connected Devices Changed, , 44.26554
Connected Devices Changed, , 44.26554
Connected Devices Changed, , 44.81852
Connected Devices Changed, , 44.83519
Connected Devices Changed, , 44.83519
Connected Devices Changed, , 44.83519

Connected Devices Changed, , 46.06955
Connected Devices Changed, , 46.80288
Connected Devices Changed, , 46.81955
Connected Devices Changed, , 46.81955
Connected Devices Changed, , 46.81955
Connected Devices Changed, , 46.96955
Connected Devices Changed, , 47.73621
Connected Devices Changed, , 47.75288
Connected Devices Changed, , 47.75288
Connected Devices Changed, , 47.75288
Connected Devices Changed, , 48.25288
Connected Devices Changed, , 48.70288
Connected Devices Changed, , 48.71954
Connected Devices Changed, , 48.71954
Connected Devices Changed, , 48.71954
Connected Devices Changed, , 50.22383
Connected Devices Changed, , 50.5408
Connected Devices Changed, , 50.57417
Connected Devices Changed, , 50.57417
Connected Devices Changed, , 50.57417
Connected Devices Changed, , 62.33571
Connected Devices Changed, , 62.6193
Connected Devices Changed, , 62.636
Connected Devices Changed, , 62.636
Connected Devices Changed, , 62.636
Connected Devices Changed, , 64.43777
Connected Devices Changed, , 65.005
Connected Devices Changed, , 65.02168
Connected Devices Changed, , 65.02168
Connected Devices Changed, , 65.02168
Connected Devices Changed, , 65.68901
Connected Devices Changed, , 66.0727
Connected Devices Changed, , 66.0894
Connected Devices Changed, , 66.0894
Connected Devices Changed, , 66.0894

Connected Devices Changed, , 79.36909
Connected Devices Changed, , 79.6527
Connected Devices Changed, , 79.66936
Connected Devices Changed, , 79.66936
Connected Devices Changed, , 79.66936
Connected Devices Changed, , 87.6439
Connected Devices Changed, , 87.96086
Connected Devices Changed, , 87.97756
Connected Devices Changed, , 87.97756
Connected Devices Changed, , 87.97756
Connected Devices Changed, , 89.17873
Connected Devices Changed, , 89.46233
Connected Devices Changed, , 89.47903
Connected Devices Changed, , 89.47903
Connected Devices Changed, , 89.47903
Connected Devices Changed, , 89.87943
Connected Devices Changed, , 90.21307
Connected Devices Changed, , 90.24644
Connected Devices Changed, , 90.24644
Connected Devices Changed, , 90.24644
Connected Devices Changed, , 91.54773
Connected Devices Changed, , 91.84802
Connected Devices Changed, , 91.84802
Connected Devices Changed, , 91.84802
Connected Devices Changed, , 91.84802
Connected Devices Changed, , 93.68313
Connected Devices Changed, , 95.30139
Connected Devices Changed, , 95.31806
Connected Devices Changed, , 95.31806
Connected Devices Changed, , 95.31806
Connected Devices Changed, , 95.40149
Connected Devices Changed, , 95.93535
Connected Devices Changed, , 95.95202
Connected Devices Changed, , 95.95202
Connected Devices Changed, , 95.95202

Connected Devices Changed, , 99.85586
Connected Devices Changed, , 100.3897
Connected Devices Changed, , 100.4064
Connected Devices Changed, , 100.4064
Connected Devices Changed, , 100.4064
Connected Devices Changed, , 102.5418
Connected Devices Changed, , 102.8922
Connected Devices Changed, , 102.9089
Connected Devices Changed, , 102.9089
Connected Devices Changed, , 102.9089
Connected Devices Changed, , 103.2592
Connected Devices Changed, , 103.6763
Connected Devices Changed, , 103.693
Connected Devices Changed, , 103.693
Connected Devices Changed, , 103.693
Connected Devices Changed, , 106.479
Connected Devices Changed, , 106.8294
Connected Devices Changed, , 106.8461
Connected Devices Changed, , 106.8461
Connected Devices Changed, , 106.8461
Connected Devices Changed, , 107.9305
Connected Devices Changed, , 108.5644
Connected Devices Changed, , 108.5811
Connected Devices Changed, , 108.5811
Connected Devices Changed, , 108.5811

Connected Devices Changed, , 118.3574
Connected Devices Changed, , 118.641
Connected Devices Changed, , 118.6577
Connected Devices Changed, , 118.6577
Connected Devices Changed, , 118.6577
Connected Devices Changed, , 121.0934
Connected Devices Changed, , 121.7774
Connected Devices Changed, , 121.7941
Connected Devices Changed, , 121.7941
Connected Devices Changed, , 121.7941
Connected Devices Changed, , 122.1277
Connected Devices Changed, , 122.8451
Connected Devices Changed, , 122.8618
Connected Devices Changed, , 122.8618
Connected Devices Changed, , 122.8618

Connected Devices Changed, , 137.693
Connected Devices Changed, , 137.9764
Connected Devices Changed, , 137.9931
Connected Devices Changed, , 137.9931
Connected Devices Changed, , 137.9931

Connected Devices Changed, , 170.7421
Connected Devices Changed, , 171.4595
Connected Devices Changed, , 171.4761
Connected Devices Changed, , 171.4761
Connected Devices Changed, , 171.4761

Connected Devices Changed, , 223.0234
Connected Devices Changed, , 223.3401
Connected Devices Changed, , 223.3567
Connected Devices Changed, , 223.3567
Connected Devices Changed, , 223.3567
Connected Devices Changed, , 227.2783
Connected Devices Changed, , 227.6116
Connected Devices Changed, , 227.6283
Connected Devices Changed, , 227.6283
Connected Devices Changed, , 227.6283
Connected Devices Changed, , 227.9616
Connected Devices Changed, , 228.3783
Connected Devices Changed, , 228.4116
Connected Devices Changed, , 228.4116
Connected Devices Changed, , 228.4116

Connected Devices Changed, , 240.0616
Connected Devices Changed, , 240.3783
Connected Devices Changed, , 240.3949
Connected Devices Changed, , 240.3949
Connected Devices Changed, , 240.3949

Connected Devices Changed, , 247.2505
Connected Devices Changed, , 247.5341
Connected Devices Changed, , 247.5508
Connected Devices Changed, , 247.5508
Connected Devices Changed, , 247.5508
Connected Devices Changed, , 247.7843
Connected Devices Changed, , 248.1013
Connected Devices Changed, , 248.118
Connected Devices Changed, , 248.118
Connected Devices Changed, , 248.118
Connected Devices Changed, , 254.6736
Connected Devices Changed, , 256.2902
Connected Devices Changed, , 256.3069
Connected Devices Changed, , 256.3069
Connected Devices Changed, , 256.3069

Connected Devices Changed, , 269.0236
Connected Devices Changed, , 269.9388
Connected Devices Changed, , 269.9722
Connected Devices Changed, , 269.9722
Connected Devices Changed, , 269.9722
Connected Devices Changed, , 270.2722
Connected Devices Changed, , 270.5555
Connected Devices Changed, , 270.5888
Connected Devices Changed, , 270.5888
Connected Devices Changed, , 270.5888

Connected Devices Changed, , 271.9555
Connected Devices Changed, , 272.2388
Connected Devices Changed, , 272.2555
Connected Devices Changed, , 272.2555
Connected Devices Changed, , 272.2555
Connected Devices Changed, , 274.4434
Connected Devices Changed, , 274.7434
Connected Devices Changed, , 274.76
Connected Devices Changed, , 274.76
Connected Devices Changed, , 274.76

Connected Devices Changed, , 315.3673
Connected Devices Changed, , 315.6342
Connected Devices Changed, , 315.6676
Connected Devices Changed, , 315.6676
Connected Devices Changed, , 315.6676
Connected Devices Changed, , 318.9542
Connected Devices Changed, , 319.2208
Connected Devices Changed, , 319.2375
Connected Devices Changed, , 319.2375
Connected Devices Changed, , 319.5375
Connected Devices Changed, , 319.5541
Connected Devices Changed, , 319.5541
Connected Devices Changed, , 319.5541
Connected Devices Changed, , 319.5875
Connected Devices Changed, , 319.8708
Connected Devices Changed, , 319.8875
Connected Devices Changed, , 319.8875
Connected Devices Changed, , 319.8875

Connected Devices Changed, , 344.6617
Connected Devices Changed, , 344.9618
Connected Devices Changed, , 344.9784
Connected Devices Changed, , 344.9784
Connected Devices Changed, , 344.9784
Connected Devices Changed, , 345.7617
Connected Devices Changed, , 346.0451
Connected Devices Changed, , 346.0617
Connected Devices Changed, , 346.0617
Connected Devices Changed, , 346.0617
Connected Devices Changed, , 346.4284
Connected Devices Changed, , 346.9451
Connected Devices Changed, , 346.9618
Connected Devices Changed, , 346.9618
Connected Devices Changed, , 346.9618
Connected Devices Changed, , 347.0284
Connected Devices Changed, , 348.3284
Connected Devices Changed, , 348.3618
Connected Devices Changed, , 348.3618
Connected Devices Changed, , 348.3618

Connected Devices Changed, , 401.8188
Connected Devices Changed, , 402.8857
Connected Devices Changed, , 402.8857
Connected Devices Changed, , 402.8857
Connected Devices Changed, , 402.8857
Connected Devices Changed, , 403.969
Connected Devices Changed, , 404.5856
Connected Devices Changed, , 404.6023
Connected Devices Changed, , 404.6023
Connected Devices Changed, , 404.6023
Connected Devices Changed, , 404.919
Connected Devices Changed, , 405.6357
Connected Devices Changed, , 405.6357
Connected Devices Changed, , 405.6357
Connected Devices Changed, , 405.6357
Connected Devices Changed, , 406.419
Connected Devices Changed, , 407.5023
Connected Devices Changed, , 407.519
Connected Devices Changed, , 407.519
Connected Devices Changed, , 407.519

Connected Devices Changed, , 428.5045
Connected Devices Changed, , 428.8379
Connected Devices Changed, , 428.8712
Connected Devices Changed, , 428.8712
Connected Devices Changed, , 428.8712
Connected Devices Changed, , 429.3045
Connected Devices Changed, , 430.6378
Connected Devices Changed, , 430.6545
Connected Devices Changed, , 430.6545
Connected Devices Changed, , 430.6545
Connected Devices Changed, , 433.4545

Connected Devices Changed, , 439.62
Connected Devices Changed, , 439.6367
Connected Devices Changed, , 439.6367
Connected Devices Changed, , 439.6367
Connected Devices Changed, , 444.4763
Connected Devices Changed, , 445.2763
Connected Devices Changed, , 445.293
Connected Devices Changed, , 445.293
Connected Devices Changed, , 445.293
Connected Devices Changed, , 445.6596
Connected Devices Changed, , 445.9596
Connected Devices Changed, , 445.9763
Connected Devices Changed, , 445.9763
Connected Devices Changed, , 445.9763

Connected Devices Changed, , 451.3174
Connected Devices Changed, , 451.7677
Connected Devices Changed, , 451.7677
Connected Devices Changed, , 451.7677
Connected Devices Changed, , 451.7677
Connected Devices Changed, , 452.2346
Connected Devices Changed, , 452.568
Connected Devices Changed, , 452.5846
Connected Devices Changed, , 452.5846
Connected Devices Changed, , 452.5846
Connected Devices Changed, , 452.6013
Connected Devices Changed, , 453.2679
Connected Devices Changed, , 453.2846
Connected Devices Changed, , 453.2846
Connected Devices Changed, , 453.2846
Connected Devices Changed, , 453.6529
Connected Devices Changed, , 453.9862
Connected Devices Changed, , 454.0029
Connected Devices Changed, , 454.0029
Connected Devices Changed, , 454.0029
Connected Devices Changed, , 454.6196
Connected Devices Changed, , 454.9029
Connected Devices Changed, , 454.9196
Connected Devices Changed, , 454.9196
Connected Devices Changed, , 454.9196

Connected Devices Changed, , 465.7789
Connected Devices Changed, , 466.0623
Connected Devices Changed, , 466.0789
Connected Devices Changed, , 466.0789
Connected Devices Changed, , 466.0789
Connected Devices Changed, , 475.4882
Connected Devices Changed, , 475.7715
Connected Devices Changed, , 475.7715
Connected Devices Changed, , 475.7715
Connected Devices Changed, , 475.7715
Connected Devices Changed, , 475.8715
Connected Devices Changed, , 476.2048
Connected Devices Changed, , 476.2215
Connected Devices Changed, , 476.2215
Connected Devices Changed, , 476.2215
Connected Devices Changed, , 476.3882
Connected Devices Changed, , 476.7548
Connected Devices Changed, , 476.7715
Connected Devices Changed, , 476.7715
Connected Devices Changed, , 476.7715
Connected Devices Changed, , 476.9548
Connected Devices Changed, , 477.2426
Connected Devices Changed, , 477.2592
Connected Devices Changed, , 477.2592
Connected Devices Changed, , 477.2592

Connected Devices Changed, , 778.2089

Connected Devices Changed, , 1371.108
Connected Devices Changed, , 1371.108

Connected Devices Changed, , 1385.177

Connected Devices Changed, , 1390.344
Connected Devices Changed, , 1390.361
Connected Devices Changed, , 1390.361
Connected Devices Changed, , 1390.361
Connected Devices Changed, , 1390.394
Connected Devices Changed, , 1390.677
Connected Devices Changed, , 1390.694
Connected Devices Changed, , 1390.694
Connected Devices Changed, , 1390.694
Connected Devices Changed, , 1391.234

Connected Devices Changed, , 1403.017
Connected Devices Changed, , 1403.034
Connected Devices Changed, , 1403.034
Connected Devices Changed, , 1403.034
Connected Devices Changed, , 1403.234
Connected Devices Changed, , 1403.767
Connected Devices Changed, , 1403.784
Connected Devices Changed, , 1403.784
Connected Devices Changed, , 1403.784
Connected Devices Changed, , 1404.817
Connected Devices Changed, , 1405.867
Connected Devices Changed, , 1405.884
Connected Devices Changed, , 1405.884
Connected Devices Changed, , 1405.884
Connected Devices Changed, , 1409.919
Connected Devices Changed, , 1413.12
Connected Devices Changed, , 1413.137
Connected Devices Changed, , 1413.137
Connected Devices Changed, , 1413.137

Connected Devices Changed, , 1459.282
Connected Devices Changed, , 1460.349
Connected Devices Changed, , 1460.349
Connected Devices Changed, , 1460.349
Connected Devices Changed, , 1460.349
Connected Devices Changed, , 1460.532
Connected Devices Changed, , 1460.816
Connected Devices Changed, , 1460.816
Connected Devices Changed, , 1460.816
Connected Devices Changed, , 1461.766
Connected Devices Changed, , 1461.782
Connected Devices Changed, , 1461.782
Connected Devices Changed, , 1461.782
Connected Devices Changed, , 1461.916
Connected Devices Changed, , 1462.616
Connected Devices Changed, , 1462.632
Connected Devices Changed, , 1462.632
Connected Devices Changed, , 1462.632
Connected Devices Changed, , 1462.966
Connected Devices Changed, , 1463.482
Connected Devices Changed, , 1463.499
Connected Devices Changed, , 1463.499
Connected Devices Changed, , 1463.499
Connected Devices Changed, , 1464.316
Connected Devices Changed, , 1464.599
Connected Devices Changed, , 1464.616
Connected Devices Changed, , 1464.616
Connected Devices Changed, , 1464.616

Connected Devices Changed, , 1486.423
Connected Devices Changed, , 1487.006
Connected Devices Changed, , 1487.023
Connected Devices Changed, , 1487.023
Connected Devices Changed, , 1487.023
Connected Devices Changed, , 1495.865

Connected Devices Changed, , 1496.615
Connected Devices Changed, , 1496.631
Connected Devices Changed, , 1496.631
Connected Devices Changed, , 1496.631
Connected Devices Changed, , 1498.214
Connected Devices Changed, , 1499.222
Connected Devices Changed, , 1499.222
Connected Devices Changed, , 1499.222
Connected Devices Changed, , 1499.222

Connected Devices Changed, , 1518.008
Connected Devices Changed, , 1518.542
Connected Devices Changed, , 1518.558
Connected Devices Changed, , 1518.558
Connected Devices Changed, , 1518.558
Connected Devices Changed, , 1519.276
Connected Devices Changed, , 1519.609
Connected Devices Changed, , 1519.626
Connected Devices Changed, , 1519.626
Connected Devices Changed, , 1519.626
Connected Devices Changed, , 1527.662
Connected Devices Changed, , 1528.329
Connected Devices Changed, , 1528.345
Connected Devices Changed, , 1528.345
Connected Devices Changed, , 1528.345
Connected Devices Changed, , 1528.595
Connected Devices Changed, , 1528.945
Connected Devices Changed, , 1528.945
Connected Devices Changed, , 1528.945
Connected Devices Changed, , 1529.245
Connected Devices Changed, , 1529.262
Connected Devices Changed, , 1529.262
Connected Devices Changed, , 1529.262

Connected Devices Changed, , 1580.417
Connected Devices Changed, , 1580.819
Connected Devices Changed, , 1580.836
Connected Devices Changed, , 1580.836
Connected Devices Changed, , 1580.836
Connected Devices Changed, , 1581.086
Connected Devices Changed, , 1581.37
Connected Devices Changed, , 1581.386
Connected Devices Changed, , 1581.386
Connected Devices Changed, , 1581.386

Connected Devices Changed, , 1879.974

Connected Devices Changed, , 1922.038
Connected Devices Changed, , 1922.038
Connected Devices Changed, , 1922.071
Connected Devices Changed, , 1922.788
Connected Devices Changed, , 1922.821
Connected Devices Changed, , 1922.821
Connected Devices Changed, , 1922.821
Connected Devices Changed, , 1928.389
Connected Devices Changed, , 1928.689
Connected Devices Changed, , 1928.705
Connected Devices Changed, , 1928.705
Connected Devices Changed, , 1928.705

Connected Devices Changed, , 1974.589
Connected Devices Changed, , 1974.922
Connected Devices Changed, , 1974.939
Connected Devices Changed, , 1974.939
Connected Devices Changed, , 1974.939
Connected Devices Changed, , 1974.972
Connected Devices Changed, , 1975.789
Connected Devices Changed, , 1975.789
Connected Devices Changed, , 1975.789
Connected Devices Changed, , 1975.789
Connected Devices Changed, , 1975.922
Connected Devices Changed, , 1976.274
Connected Devices Changed, , 1976.291
Connected Devices Changed, , 1976.291
Connected Devices Changed, , 1976.291

Connected Devices Changed, , 1984.698
Connected Devices Changed, , 1985.448
Connected Devices Changed, , 1985.465
Connected Devices Changed, , 1985.465
Connected Devices Changed, , 1985.465
Connected Devices Changed, , 1986.615
Connected Devices Changed, , 1987.048
Connected Devices Changed, , 1987.065
Connected Devices Changed, , 1987.065
Connected Devices Changed, , 1987.065

Connected Devices Changed, , 2004.145
Connected Devices Changed, , 2004.444
Connected Devices Changed, , 2004.461
Connected Devices Changed, , 2004.461
Connected Devices Changed, , 2004.461
Connected Devices Changed, , 2004.544
Connected Devices Changed, , 2004.828
Connected Devices Changed, , 2004.844
Connected Devices Changed, , 2004.844
Connected Devices Changed, , 2004.844

Connected Devices Changed, , 2024.985
Connected Devices Changed, , 2025.269
Connected Devices Changed, , 2025.286
Connected Devices Changed, , 2025.286
Connected Devices Changed, , 2025.286
Connected Devices Changed, , 2025.635
Connected Devices Changed, , 2025.952
Connected Devices Changed, , 2025.969
Connected Devices Changed, , 2025.969
Connected Devices Changed, , 2025.969
Connected Devices Changed, , 2026.352
Connected Devices Changed, , 2027.34
Connected Devices Changed, , 2027.357
Connected Devices Changed, , 2027.357
Connected Devices Changed, , 2027.357

Connected Devices Changed, , 2044.405
Connected Devices Changed, , 2044.688
Connected Devices Changed, , 2044.705
Connected Devices Changed, , 2044.705
Connected Devices Changed, , 2044.705
Connected Devices Changed, , 2045.488
Connected Devices Changed, , 2045.771
Connected Devices Changed, , 2045.788
Connected Devices Changed, , 2045.788
Connected Devices Changed, , 2045.788

Connected Devices Changed, , 2080.421
Connected Devices Changed, , 2081.288
Connected Devices Changed, , 2081.304
Connected Devices Changed, , 2081.304
Connected Devices Changed, , 2081.304

Connected Devices Changed, , 2124.547
Connected Devices Changed, , 2124.831
Connected Devices Changed, , 2124.847
Connected Devices Changed, , 2124.847
Connected Devices Changed, , 2124.847

Connected Devices Changed, , 2445.134
Connected Devices Changed, , 2445.417
Connected Devices Changed, , 2445.434
Connected Devices Changed, , 2445.434
Connected Devices Changed, , 2445.434

Connected Devices Changed, , 2451.874
Connected Devices Changed, , 2453.792
Connected Devices Changed, , 2453.809
Connected Devices Changed, , 2453.809
Connected Devices Changed, , 2453.809

Connected Devices Changed, , 2522.893
Connected Devices Changed, , 2524.111
Connected Devices Changed, , 2524.128
Connected Devices Changed, , 2524.128
Connected Devices Changed, , 2524.128
Connected Devices Changed, , 2524.228
Connected Devices Changed, , 2525.78
Connected Devices Changed, , 2525.796
Connected Devices Changed, , 2525.796
Connected Devices Changed, , 2525.796
Connected Devices Changed, , 2525.863
Connected Devices Changed, , 2526.68
Connected Devices Changed, , 2526.697
Connected Devices Changed, , 2526.697
Connected Devices Changed, , 2526.697
Connected Devices Changed, , 2535.389
Connected Devices Changed, , 2537.041
Connected Devices Changed, , 2537.057
Connected Devices Changed, , 2537.057
Connected Devices Changed, , 2537.057
Connected Devices Changed, , 2537.074
Connected Devices Changed, , 2537.841
Connected Devices Changed, , 2537.858
Connected Devices Changed, , 2537.858
Connected Devices Changed, , 2537.858
Connected Devices Changed, , 2537.908
Connected Devices Changed, , 2538.776
Connected Devices Changed, , 2538.792
Connected Devices Changed, , 2538.792
Connected Devices Changed, , 2538.792
Connected Devices Changed, , 2538.826
Connected Devices Changed, , 2539.56
Connected Devices Changed, , 2539.576
Connected Devices Changed, , 2539.576
Connected Devices Changed, , 2539.576
Connected Devices Changed, , 2540.16
Connected Devices Changed, , 2540.477
Connected Devices Changed, , 2540.477
Connected Devices Changed, , 2540.477
Connected Devices Changed, , 2540.477
Connected Devices Changed, , 2541.712
Connected Devices Changed, , 2542.179
Connected Devices Changed, , 2542.212
Connected Devices Changed, , 2542.212
Connected Devices Changed, , 2542.212
Connected Devices Changed, , 2543.046
Connected Devices Changed, , 2543.464
Connected Devices Changed, , 2543.48
Connected Devices Changed, , 2543.48
Connected Devices Changed, , 2543.48
Connected Devices Changed, , 2543.931
Connected Devices Changed, , 2544.481
Connected Devices Changed, , 2544.498
Connected Devices Changed, , 2544.498
Connected Devices Changed, , 2544.498
Connected Devices Changed, , 2544.748
Connected Devices Changed, , 2545.115
Connected Devices Changed, , 2545.149
Connected Devices Changed, , 2545.149
Connected Devices Changed, , 2545.149
Connected Devices Changed, , 2547.216
Connected Devices Changed, , 2548.016
Connected Devices Changed, , 2548.033
Connected Devices Changed, , 2548.033
Connected Devices Changed, , 2548.033
Connected Devices Changed, , 2548.116
Connected Devices Changed, , 2548.766
Connected Devices Changed, , 2548.783
Connected Devices Changed, , 2548.783
Connected Devices Changed, , 2548.783

Connected Devices Changed, , 2575.245
Connected Devices Changed, , 2576.478
Connected Devices Changed, , 2576.495
Connected Devices Changed, , 2576.495
Connected Devices Changed, , 2576.495
Connected Devices Changed, , 2577.38
Connected Devices Changed, , 2577.663
Connected Devices Changed, , 2577.679
Connected Devices Changed, , 2577.679
Connected Devices Changed, , 2577.679
Connected Devices Changed, , 2579.63
Connected Devices Changed, , 2580.03
Connected Devices Changed, , 2580.046
Connected Devices Changed, , 2580.046
Connected Devices Changed, , 2580.046
Connected Devices Changed, , 2580.113
Connected Devices Changed, , 2580.929
Connected Devices Changed, , 2580.963
Connected Devices Changed, , 2580.963
Connected Devices Changed, , 2580.963

Connected Devices Changed, , 2617.82
Connected Devices Changed, , 2618.52
Connected Devices Changed, , 2618.536
Connected Devices Changed, , 2618.536
Connected Devices Changed, , 2618.536
Connected Devices Changed, , 2619.538
Connected Devices Changed, , 2619.888
Connected Devices Changed, , 2619.904
Connected Devices Changed, , 2619.904
Connected Devices Changed, , 2619.904
Connected Devices Changed, , 2620.138
Connected Devices Changed, , 2620.421
Connected Devices Changed, , 2620.438
Connected Devices Changed, , 2620.438
Connected Devices Changed, , 2620.438
Connected Devices Changed, , 2620.688
Connected Devices Changed, , 2620.988
Connected Devices Changed, , 2620.988
Connected Devices Changed, , 2620.988
Connected Devices Changed, , 2620.988
Connected Devices Changed, , 2621.488

Connected Devices Changed, , 2622.688
Connected Devices Changed, , 2622.704
Connected Devices Changed, , 2622.704
Connected Devices Changed, , 2622.704
Connected Devices Changed, , 2633.354
Connected Devices Changed, , 2634.088
Connected Devices Changed, , 2634.104
Connected Devices Changed, , 2634.104
Connected Devices Changed, , 2634.104

Connected Devices Changed, , 2684.704
Connected Devices Changed, , 2685.021
Connected Devices Changed, , 2685.038
Connected Devices Changed, , 2685.038
Connected Devices Changed, , 2685.038
Connected Devices Changed, , 2685.603
Connected Devices Changed, , 2686.436
Connected Devices Changed, , 2686.453
Connected Devices Changed, , 2686.453
Connected Devices Changed, , 2686.453

Connected Devices Changed, , 2919.154
Connected Devices Changed, , 2919.438
Connected Devices Changed, , 2919.454
Connected Devices Changed, , 2919.454
Connected Devices Changed, , 2919.454
Connected Devices Changed, , 2920.383
Connected Devices Changed, , 2920.783
Connected Devices Changed, , 2920.8
Connected Devices Changed, , 2920.8
Connected Devices Changed, , 2920.8
Connected Devices Changed, , 2966.779
Connected Devices Changed, , 2967.212
Connected Devices Changed, , 2967.229
Connected Devices Changed, , 2967.229
Connected Devices Changed, , 2967.229
Connected Devices Changed, , 2967.596
Connected Devices Changed, , 2968.196
Connected Devices Changed, , 2968.229
Connected Devices Changed, , 2968.229
Connected Devices Changed, , 2968.229
Connected Devices Changed, , 2968.563
Connected Devices Changed, , 2968.563
Connected Devices Changed, , 2969.163
Connected Devices Changed, , 2969.179
Connected Devices Changed, , 2969.179
Connected Devices Changed, , 2969.179
Connected Devices Changed, , 2969.463
Connected Devices Changed, , 2969.746
Connected Devices Changed, , 2969.763
Connected Devices Changed, , 2969.763
Connected Devices Changed, , 2969.763
Connected Devices Changed, , 2969.813
Connected Devices Changed, , 2970.596
Connected Devices Changed, , 2970.613
Connected Devices Changed, , 2970.613
Connected Devices Changed, , 2970.613
Connected Devices Changed, , 2971.063
Connected Devices Changed, , 2971.363
Connected Devices Changed, , 2971.363
Connected Devices Changed, , 2971.363
Connected Devices Changed, , 2971.363

Connected Devices Changed, , 2971.513
Connected Devices Changed, , 2971.896
Connected Devices Changed, , 2971.913
Connected Devices Changed, , 2971.913
Connected Devices Changed, , 2971.913
Connected Devices Changed, , 2975.113
Connected Devices Changed, , 2976.146
Connected Devices Changed, , 2976.163
Connected Devices Changed, , 2976.163
Connected Devices Changed, , 2976.163

Connected Devices Changed, , 2988.433
Connected Devices Changed, , 2989.267
Connected Devices Changed, , 2989.284
Connected Devices Changed, , 2989.284
Connected Devices Changed, , 2989.284

Connected Devices Changed, , 2993.021
Connected Devices Changed, , 2993.305
Connected Devices Changed, , 2993.322
Connected Devices Changed, , 2993.322
Connected Devices Changed, , 2993.322

Connected Devices Changed, , 3290.607

Connected Devices Changed, , 3336.957
Connected Devices Changed, , 3336.957

Connected Devices Changed, , 3338.507
Connected Devices Changed, , 3338.807
Connected Devices Changed, , 3338.824
Connected Devices Changed, , 3338.824
Connected Devices Changed, , 3338.824

Connected Devices Changed, , 3370.764
Connected Devices Changed, , 3371.047
Connected Devices Changed, , 3371.064
Connected Devices Changed, , 3371.064
Connected Devices Changed, , 3371.064
Connected Devices Changed, , 3371.081
Connected Devices Changed, , 3371.547
Connected Devices Changed, , 3371.564
Connected Devices Changed, , 3371.564
Connected Devices Changed, , 3371.564
Connected Devices Changed, , 3374.181
Connected Devices Changed, , 3374.814
Connected Devices Changed, , 3374.831
Connected Devices Changed, , 3374.831
Connected Devices Changed, , 3374.831
Connected Devices Changed, , 3374.914
Connected Devices Changed, , 3375.214
Connected Devices Changed, , 3375.231
Connected Devices Changed, , 3375.231
Connected Devices Changed, , 3375.231

Connected Devices Changed, , 3384.535
Connected Devices Changed, , 3384.918
Connected Devices Changed, , 3384.935
Connected Devices Changed, , 3384.935
Connected Devices Changed, , 3384.935
Connected Devices Changed, , 3387.854
Connected Devices Changed, , 3388.171
Connected Devices Changed, , 3388.188
Connected Devices Changed, , 3388.188
Connected Devices Changed, , 3388.188

Connected Devices Changed, , 3397.647
Connected Devices Changed, , 3398.481
Connected Devices Changed, , 3398.498
Connected Devices Changed, , 3398.498
Connected Devices Changed, , 3398.498
Connected Devices Changed, , 3398.631
Connected Devices Changed, , 3398.915
Connected Devices Changed, , 3398.932
Connected Devices Changed, , 3398.932
Connected Devices Changed, , 3398.932
Connected Devices Changed, , 3399.016
Connected Devices Changed, , 3399.299
Connected Devices Changed, , 3399.315
Connected Devices Changed, , 3399.315
Connected Devices Changed, , 3399.315

Connected Devices Changed, , 3404.104
Connected Devices Changed, , 3404.453
Connected Devices Changed, , 3404.47
Connected Devices Changed, , 3404.47
Connected Devices Changed, , 3404.47
Connected Devices Changed, , 3405.521
Connected Devices Changed, , 3406.139
Connected Devices Changed, , 3406.155
Connected Devices Changed, , 3406.155
Connected Devices Changed, , 3406.155
Connected Devices Changed, , 3406.172
Connected Devices Changed, , 3406.756
Connected Devices Changed, , 3406.773
Connected Devices Changed, , 3406.773
Connected Devices Changed, , 3406.773
Connected Devices Changed, , 3407.707
Connected Devices Changed, , 3408.224
Connected Devices Changed, , 3408.241
Connected Devices Changed, , 3408.241
Connected Devices Changed, , 3408.241
Connected Devices Changed, , 3408.524
Connected Devices Changed, , 3408.925
Connected Devices Changed, , 3408.942
Connected Devices Changed, , 3408.942
Connected Devices Changed, , 3408.942
Connected Devices Changed, , 3409.993
Connected Devices Changed, , 3410.293
Connected Devices Changed, , 3410.309
Connected Devices Changed, , 3410.309
Connected Devices Changed, , 3410.309

Connected Devices Changed, , 3429.36
Connected Devices Changed, , 3429.626
Connected Devices Changed, , 3429.66
Connected Devices Changed, , 3429.66
Connected Devices Changed, , 3429.66

Connected Devices Changed, , 3477.809
Connected Devices Changed, , 3478.343
Connected Devices Changed, , 3478.36
Connected Devices Changed, , 3478.36
Connected Devices Changed, , 3478.36
Connected Devices Changed, , 3478.594

Connected Devices Changed, , 3479.127
Connected Devices Changed, , 3479.144
Connected Devices Changed, , 3479.144
Connected Devices Changed, , 3479.144
Connected Devices Changed, , 3479.278
Connected Devices Changed, , 3480.228
Connected Devices Changed, , 3480.245
Connected Devices Changed, , 3480.245
Connected Devices Changed, , 3480.245
Connected Devices Changed, , 3480.412
Connected Devices Changed, , 3480.711
Connected Devices Changed, , 3480.728
Connected Devices Changed, , 3480.728
Connected Devices Changed, , 3480.728
Connected Devices Changed, , 3481.596
Connected Devices Changed, , 3482.247
Connected Devices Changed, , 3482.264
Connected Devices Changed, , 3482.264
Connected Devices Changed, , 3482.264
Connected Devices Changed, , 3485.033
Connected Devices Changed, , 3485.901
Connected Devices Changed, , 3485.901
Connected Devices Changed, , 3485.901
Connected Devices Changed, , 3486.301
Connected Devices Changed, , 3486.301
Connected Devices Changed, , 3486.301
Connected Devices Changed, , 3486.301
Connected Devices Changed, , 3486.651
Connected Devices Changed, , 3486.968
Connected Devices Changed, , 3486.985
Connected Devices Changed, , 3486.985
Connected Devices Changed, , 3486.985
Connected Devices Changed, , 3487.302
Connected Devices Changed, , 3487.318
Connected Devices Changed, , 3487.318
Connected Devices Changed, , 3487.318

Connected Devices Changed, , 3489.118
Connected Devices Changed, , 3489.402
Connected Devices Changed, , 3489.435
Connected Devices Changed, , 3489.435
Connected Devices Changed, , 3489.435
Connected Devices Changed, , 3493.435
Connected Devices Changed, , 3493.718
Connected Devices Changed, , 3493.735
Connected Devices Changed, , 3493.735
Connected Devices Changed, , 3493.735
Connected Devices Changed, , 3494.268
Connected Devices Changed, , 3494.552
Connected Devices Changed, , 3494.568
Connected Devices Changed, , 3494.568
Connected Devices Changed, , 3494.568

Connected Devices Changed, , 3552.945
Connected Devices Changed, , 3553.283
Connected Devices Changed, , 3553.316
Connected Devices Changed, , 3553.316
Connected Devices Changed, , 3553.316
Connected Devices Changed, , 3553.433
Connected Devices Changed, , 3553.733
Connected Devices Changed, , 3553.733
Connected Devices Changed, , 3553.733
Connected Devices Changed, , 3553.733
Connected Devices Changed, , 3560.672

Connected Devices Changed, , 3560.972
Connected Devices Changed, , 3560.988
Connected Devices Changed, , 3560.988
Connected Devices Changed, , 3560.988

Connected Devices Changed, , 3571.788
Connected Devices Changed, , 3572.102
Connected Devices Changed, , 3572.102
Connected Devices Changed, , 3572.102
Connected Devices Changed, , 3572.102

